City_ID,City,Lat,Lng,Max Temp,Humidity,Cloudiness,Wind Speed,Country,Date
0,ushuaia,-54.8,-68.3,40.65799999999996,75,75,11.83,AR,1669704740
1,ponta do sol,32.6667,-17.1,66.82999999999998,73,23,1.7,PT,1669704947
2,lagoa,39.05,-27.9833,63.96800000000002,89,0,9.51,PT,1669704947
3,georgetown,5.4112,100.3354,87.74600000000004,74,20,4.12,MY,1669704698
4,terrace,54.5163,-128.6035,17.510000000000048,67,20,0.0,CA,1669704778
5,mayo,38.8876,-76.5119,44.97800000000001,81,75,2.57,US,1669704948
6,kieta,-6.2167,155.6333,82.05799999999994,79,91,2.48,PG,1669704949
7,albany,42.6001,-73.9662,34.66399999999999,83,4,2.0,US,1669704949
8,marrakesh,31.6315,-8.0083,48.27199999999999,66,0,2.57,MA,1669704950
9,butaritari,3.0707,172.7902,81.32,75,20,4.32,KI,1669704951
10,rikitea,-23.1203,-134.9692,73.00399999999996,71,7,4.84,PF,1669704951
11,olinda,-8.0089,-34.8553,76.72999999999996,83,75,2.06,BR,1669704951
12,vao,-22.6667,167.4833,78.87200000000001,84,83,6.65,NC,1669704952
13,pandharpur,17.6667,75.3333,84.95599999999996,34,3,2.1,IN,1669704952
14,busselton,-33.65,115.3333,82.94,33,0,2.46,AU,1669704953
15,port elizabeth,-33.918,25.5701,83.10200000000003,72,0,5.66,ZA,1669704953
16,healdsburg,38.6105,-122.8692,47.299999999999955,76,12,1.79,US,1669704954
17,huarmey,-10.0681,-78.1522,67.13600000000002,82,29,1.24,PE,1669704954
18,norman wells,65.282,-126.8329,-9.939999999999998,97,100,1.8,CA,1669704954
19,cape town,-33.9258,18.4232,78.88999999999993,54,0,6.69,ZA,1669704691
20,nikolskoye,59.7035,30.7861,26.798000000000002,95,100,1.9,RU,1669704955
21,liverpool,53.4106,-2.9779,42.81800000000004,96,100,1.34,GB,1669704955
22,punta arenas,-53.15,-70.9167,42.90799999999996,70,0,11.83,CL,1669704956
23,itacare,-14.2775,-38.9967,72.66199999999998,93,100,2.6,BR,1669704956
24,hasaki,35.7333,140.8333,70.19599999999997,74,97,13.45,JP,1669704957
25,port lincoln,-34.7333,135.8667,62.47399999999999,61,11,6.41,AU,1669704957
26,rudnogorsk,57.2639,103.7519,-1.6959999999999695,90,100,4.29,RU,1669704958
27,atuona,-9.8,-139.0333,77.77399999999994,73,4,5.29,PF,1669704958
28,bluff,-46.6,168.3333,59.81,90,100,4.98,NZ,1669704958
29,victoria,22.2855,114.1577,86.05400000000003,84,0,2.71,HK,1669704959
30,vaini,-21.2,-175.2,80.762,78,20,4.12,TO,1669704959
31,codrington,-38.2667,141.9667,58.622000000000014,69,89,5.46,AU,1669704960
32,mataura,-46.1927,168.8643,59.48600000000005,84,100,0.58,NZ,1669704960
33,lima,-12.0432,-77.0282,64.65199999999999,88,100,2.57,PE,1669704807
34,cherskiy,68.75,161.3,5.521999999999991,96,100,2.59,RU,1669704961
35,chumikan,54.7183,135.315,-0.5440000000000396,68,100,2.23,RU,1669704961
36,luderitz,-26.6481,15.1594,64.39999999999992,77,37,3.68,NA,1669704961
37,otjimbingwe,-22.35,16.1333,77.61200000000002,18,100,1.13,NA,1669704962
38,noumea,-22.2763,166.4572,80.58199999999994,85,100,0.72,NC,1669704955
39,bengkulu,-3.8004,102.2655,83.67800000000005,71,100,3.84,ID,1669704963
40,arraial do cabo,-22.9661,-42.0278,72.69800000000004,93,99,9.26,BR,1669704963
41,daru,-9.0763,143.2092,80.81599999999997,83,100,1.94,PG,1669704964
42,kattivakkam,13.2167,80.3167,86.08999999999997,59,6,5.37,IN,1669704964
43,klaksvik,62.2266,-6.589,43.71800000000002,84,7,3.49,FO,1669704964
44,chuy,-33.6971,-53.4616,64.76000000000005,94,4,3.68,UY,1669704965
45,aklavik,68.2191,-135.0107,-22.954000000000008,94,83,3.11,CA,1669704965
46,salalah,17.0151,54.0924,85.17199999999997,34,0,2.62,OM,1669704966
47,saskylakh,71.9167,114.0833,-0.004000000000019099,97,100,4.04,RU,1669704966
48,luganville,-15.5333,167.1667,82.02199999999999,77,54,3.35,VU,1669704966
49,jamestown,42.097,-79.2353,36.71599999999995,86,100,1.34,US,1669704901
50,johnson city,36.3134,-82.3535,48.16399999999999,72,0,2.06,US,1669704967
51,provideniya,64.3833,-173.3,19.652000000000044,84,100,4.14,RU,1669704968
52,nelson bay,-32.7167,152.15,70.08800000000002,68,0,6.71,AU,1669704832
53,kapaa,22.0752,-159.319,75.18199999999996,97,100,2.61,US,1669704968
54,semnan,35.5729,53.3971,55.07600000000008,45,9,1.0,IR,1669704969
55,bredasdorp,-34.5322,20.0403,80.27600000000001,44,81,0.59,ZA,1669704969
56,port alfred,-33.5906,26.891,71.18599999999998,75,2,2.24,ZA,1669704970
57,nueva loja,0.0847,-76.8828,71.32999999999998,89,100,0.45,EC,1669704970
58,qaanaaq,77.484,-69.3632,-12.837999999999965,91,95,2.84,GL,1669704970
59,san cristobal,7.7669,-72.225,63.84199999999993,97,99,1.71,VE,1669704971
60,guerrero negro,27.9769,-114.0611,60.33199999999994,78,0,4.06,MX,1669704933
61,broken hill,-31.95,141.4333,74.57,26,0,6.43,AU,1669704971
62,fortuna,40.5982,-124.1573,38.31800000000004,94,0,1.54,US,1669704972
63,xixiang,35.1628,112.865,43.77199999999999,21,98,2.82,CN,1669704972
64,pevek,69.7008,170.3133,18.680000000000007,80,100,6.98,RU,1669704973
65,shingu,33.7333,135.9833,67.94599999999997,95,100,7.03,JP,1669704973
66,salina,38.8403,-97.6114,51.313999999999965,87,100,0.89,US,1669704945
67,vilhena,-12.7406,-60.1458,68.05400000000003,73,72,1.66,BR,1669704974
68,new norfolk,-42.7826,147.0587,64.92199999999997,42,4,2.24,AU,1669704974
69,auki,-8.7676,160.7034,79.88000000000005,81,100,1.33,SB,1669704975
70,castro,-24.7911,-50.0119,58.964,97,100,3.36,BR,1669704975
71,necochea,-38.5473,-58.7368,65.55200000000008,83,25,5.58,AR,1669704976
72,santiago del estero,-27.7951,-64.2615,75.97399999999999,47,100,1.7,AR,1669704976
73,santona,43.4439,-3.4576,53.599999999999966,83,100,6.41,ES,1669704718
74,nara,34.6851,135.8049,65.91199999999998,82,100,1.09,JP,1669704977
75,hilo,19.7297,-155.09,75.25399999999996,100,51,1.34,US,1669704977
76,south valley,35.0101,-106.6781,47.33600000000001,45,51,3.04,US,1669704977
77,vila velha,-20.3297,-40.2925,73.34600000000006,94,75,3.6,BR,1669704978
78,kruisfontein,-34.0033,24.7314,80.88799999999998,35,0,2.74,ZA,1669704978
79,severo-kurilsk,50.6789,156.125,28.02199999999999,66,20,3.28,RU,1669704979
80,kirakira,-10.4544,161.9205,78.44,84,100,0.92,SB,1669704979
81,careiro da varzea,-3.2003,-59.8119,77.61200000000002,86,100,1.96,BR,1669704980
82,salym,60.0625,71.4789,-0.5440000000000396,87,86,2.13,RU,1669704980
83,emba,48.8264,58.1442,21.920000000000016,44,100,7.13,KZ,1669704980
84,mahebourg,-20.4081,57.7,81.24799999999999,69,75,7.72,MU,1669704981
85,kirn,49.7833,7.45,46.849999999999966,91,100,1.07,DE,1669704981
86,jasper,37.2001,-94.3502,55.11200000000002,64,100,3.13,US,1669704982
87,siparia,10.1333,-61.5,73.77800000000008,98,99,4.44,TT,1669704982
88,horsham,51.064,-0.3272,44.70799999999997,95,75,2.57,GB,1669704983
89,souillac,-20.5167,57.5167,80.97800000000001,69,75,7.72,MU,1669704983
90,mar del plata,-38.0023,-57.5575,68.08999999999997,96,0,3.09,AR,1669704984
91,karasjok,69.4719,25.5112,32.48600000000005,90,100,7.24,NO,1669704984
92,fort dodge,42.4975,-94.168,36.823999999999955,75,100,1.54,US,1669704685
93,hithadhoo,-0.6,73.0833,80.74400000000009,77,33,4.46,MV,1669704985
94,kaitangata,-46.2817,169.8464,57.523999999999944,79,100,3.28,NZ,1669704985
95,paamiut,61.994,-49.6678,31.20799999999997,90,100,9.23,GL,1669704986
96,inuvik,68.3499,-133.7218,-15.591999999999985,76,40,0.51,CA,1669704986
97,pangnirtung,66.1451,-65.7125,-4.0,94,98,0.17,CA,1669704987
98,cayenne,4.9333,-52.3333,75.23600000000005,94,75,2.06,GF,1669704987
99,gaya,24.7833,85.0,76.91000000000003,47,0,0.0,IN,1669704987
100,puerto ayora,-0.7393,-90.3518,70.55599999999998,90,57,2.24,EC,1669704988
101,igarka,67.4667,86.5833,-1.0120000000000005,98,95,3.59,RU,1669704988
102,jimma,7.6667,36.8333,72.01399999999995,51,96,0.92,ET,1669704989
103,vani,42.0832,42.5216,58.69400000000002,51,0,12.86,GE,1669704989
104,haines junction,60.7522,-137.5108,-9.454000000000008,77,28,0.51,CA,1669704990
105,ninh binh,20.2539,105.975,86.55799999999994,68,21,5.11,VN,1669704990
106,kodiak,57.79,-152.4072,24.944000000000017,72,2,4.81,US,1669704991
107,brae,60.3964,-1.353,46.903999999999996,86,4,3.46,GB,1669704991
108,gat,31.61,34.7642,66.39799999999997,100,100,2.89,IL,1669704788
109,saint-philippe,-21.3585,55.7679,81.98600000000005,76,100,3.84,RE,1669704992
110,tilichiki,60.4667,166.1,28.903999999999996,90,100,3.6,RU,1669704992
111,saint george,37.1041,-113.5841,39.79400000000004,51,0,0.0,US,1669704815
112,hobart,-42.8794,147.3294,64.25600000000003,43,0,7.72,AU,1669704993
113,lompoc,34.6391,-120.4579,51.78199999999998,88,1,0.45,US,1669704993
114,srednekolymsk,67.45,153.6833,-12.262,99,100,4.08,RU,1669704993
115,lavrentiya,65.5833,-171.0,17.329999999999984,87,100,1.78,RU,1669704994
116,acajutla,13.5928,-89.8275,76.71200000000005,83,90,1.95,SV,1669704994
117,viedma,-40.8135,-62.9967,72.64400000000006,64,100,3.34,AR,1669704995
118,garden city,42.3256,-83.331,41.89999999999998,77,100,2.57,US,1669704842
119,johi,26.6921,67.6133,80.97800000000001,13,93,1.77,PK,1669704995
120,katsuura,35.1333,140.3,69.81800000000004,78,100,11.86,JP,1669704996
121,deniliquin,-35.5333,144.9667,72.37399999999997,31,15,5.87,AU,1669704996
122,carnarvon,-24.8667,113.6333,78.63799999999998,66,0,7.62,AU,1669704996
123,shawinigan,46.5668,-72.7491,25.322000000000003,68,81,2.06,CA,1669704997
124,buala,-8.145,159.5921,81.21200000000005,78,100,1.79,SB,1669704997
125,bethel,41.3712,-73.414,35.49199999999996,80,5,1.57,US,1669704998
126,wenden,50.9667,7.8667,44.023999999999944,93,100,0.8,DE,1669704998
127,makakilo city,21.3469,-158.0858,71.92399999999992,83,100,1.54,US,1669704750
128,yellowknife,62.456,-114.3525,-19.444000000000017,76,40,3.09,CA,1669704999
129,muros,42.7762,-9.0603,48.09199999999993,96,100,1.81,ES,1669704999
130,lebu,-37.6167,-73.65,54.93199999999996,89,93,6.18,CL,1669704999
131,poli,-3.3333,36.8,68.27000000000004,83,75,2.57,TZ,1669705000
132,urusha,54.05,122.9,-11.649999999999977,75,100,3.96,RU,1669705000
133,birao,10.2849,22.7882,83.89400000000006,23,60,0.47,CF,1669705001
134,hovd,48.0056,91.6419,2.2280000000000086,45,0,1.56,MN,1669705001
135,sembe,1.6481,14.5806,73.81400000000002,88,97,0.33,CG,1669705002
136,talnakh,69.4865,88.3972,-7.960000000000036,99,100,3.34,RU,1669705002
137,los alamos,35.8881,-106.307,38.372000000000014,40,1,5.81,US,1669705002
138,petropavlovsk-kamchatskiy,53.0452,158.6483,23.59400000000005,58,20,6.0,RU,1669705003
139,abnub,27.2696,31.1511,61.01600000000002,35,5,1.03,EG,1669705003
140,stokmarknes,68.5646,14.9108,40.98199999999997,70,75,7.2,NO,1669705004
141,sao miguel do araguaia,-13.275,-50.1628,69.63799999999998,95,100,2.19,BR,1669705004
142,conceicao do araguaia,-8.2578,-49.2647,71.25799999999998,98,100,1.03,BR,1669705005
143,ribeira grande,38.5167,-28.7,64.77800000000008,89,13,4.02,PT,1669705005
144,beringovskiy,63.05,179.3167,32.57600000000002,95,100,5.54,RU,1669705005
145,george town,5.4112,100.3354,87.74600000000004,74,20,4.63,MY,1669705005
146,cidreira,-30.1811,-50.2056,69.31400000000002,86,18,6.39,BR,1669705006
147,bathsheba,13.2167,-59.5167,77.61200000000002,88,40,5.14,BB,1669705006
148,moose factory,51.2585,-80.6094,21.18199999999996,73,100,2.57,CA,1669705007
149,bam,29.106,58.357,69.80000000000001,17,17,1.81,IR,1669705007
150,tunceli,39.1083,39.5471,49.676000000000045,55,100,0.95,TR,1669705008
151,upernavik,72.7868,-56.1549,2.6960000000000264,97,97,7.81,GL,1669705008
152,itarema,-2.9248,-39.9167,76.118,79,100,2.27,BR,1669705009
153,tura,25.5198,90.2201,78.96200000000005,44,0,1.33,IN,1669705009
154,aranos,-24.1333,19.1167,84.27199999999999,28,54,10.45,NA,1669705009
155,northam,51.0333,-4.2167,46.38199999999995,85,29,2.16,GB,1669705010
156,clyde river,70.4692,-68.5914,-9.165999999999997,77,100,9.26,CA,1669705010
157,nhulunbuy,-12.2333,136.7667,79.41199999999998,94,75,3.6,AU,1669704917
158,faya,18.3851,42.4509,63.122000000000014,33,5,0.33,SA,1669705011
159,alyangula,-13.8483,136.4192,83.37200000000001,70,88,2.99,AU,1669705011
160,oytal,42.9057,73.2697,36.428,93,100,2.44,KZ,1669705012
161,alto araguaia,-17.3147,-53.2153,67.72999999999996,59,15,1.86,BR,1669705012
162,tamandare,-8.7597,-35.1047,75.61399999999998,85,100,4.13,BR,1669705013
163,hermanus,-34.4187,19.2345,76.09999999999997,52,97,2.19,ZA,1669705013
164,thompson,55.7435,-97.8558,15.961999999999989,79,100,10.8,CA,1669704811
165,valsad,20.6333,72.9333,86.08999999999997,34,43,1.95,IN,1669704891
166,berlevag,70.8578,29.0864,35.599999999999966,69,75,8.23,NO,1669705014
167,tecpan,14.7623,-90.9947,53.617999999999995,92,100,0.26,GT,1669705014
168,swan hill,-35.3378,143.5544,73.31,29,8,5.46,AU,1669705015
169,wagga wagga,-35.1167,147.3667,74.83999999999997,41,3,5.36,AU,1669704728
170,nome,64.5011,-165.4064,2.156000000000006,80,100,2.33,US,1669705015
171,flinders,-34.5833,150.8552,68.18,64,40,2.24,AU,1669705016
172,luau,-10.7073,22.2247,68.37799999999999,90,98,2.55,AO,1669705016
173,broome,42.2506,-75.833,34.66399999999999,85,100,3.09,US,1669705016
174,rocha,-34.4833,-54.3333,63.55400000000003,96,56,3.13,UY,1669705017
175,ibra,22.6906,58.5334,83.46200000000005,29,0,0.89,OM,1669705017
176,jinxiang,27.4327,120.6062,66.11000000000007,94,100,6.17,CN,1669705018
177,fougamou,-1.2154,10.5838,72.80599999999998,99,100,0.78,GA,1669705018
178,fairbanks,64.8378,-147.7164,-12.658000000000015,97,5,0.81,US,1669704846
179,asau,46.4333,26.4,31.279999999999973,77,61,0.61,RO,1669705019
180,douentza,14.9951,-2.9517,70.916,17,59,1.59,ML,1669705019
181,enshi,30.3,109.4833,51.349999999999966,87,100,1.79,CN,1669705019
182,never,46.9896,3.159,42.512,100,100,3.09,FR,1669705020
183,ciudad bolivar,8.1222,-63.5497,74.67800000000005,92,100,2.81,VE,1669705020
184,iguape,-24.7081,-47.5553,71.09600000000006,92,100,4.19,BR,1669705021
185,tanout,14.9709,8.8879,62.906000000000006,29,99,5.43,NE,1669705021
186,banda aceh,5.5577,95.3222,85.02800000000008,67,100,2.03,ID,1669705022
187,teluk nibung,3.001,99.8164,84.30799999999994,72,72,2.88,ID,1669705022
188,khatanga,71.9667,102.5,1.4899999999999523,95,100,5.75,RU,1669705023
189,lata,40.1629,-8.3327,41.072,92,100,1.24,PT,1669705023
190,utica,43.1009,-75.2327,33.72800000000001,93,31,0.37,US,1669704977
191,dingle,10.9995,122.6711,85.22600000000006,73,18,5.12,PH,1669705024
192,florencia,43.7667,11.25,48.72199999999998,90,75,1.54,IT,1669704837
193,gushikawa,26.3544,127.8686,79.62799999999999,80,40,5.14,JP,1669705024
194,maraa,-1.8333,-65.3667,72.1760000000001,97,100,0.49,BR,1669705025
195,ahuimanu,21.4447,-157.8378,72.75200000000001,90,100,2.82,US,1669705026
196,baft,29.234,56.6057,54.94999999999999,26,6,1.59,IR,1669705026
197,waingapu,-9.6567,120.2641,87.67399999999992,61,83,4.5,ID,1669705027
198,podgornoye,51.735,39.1496,19.615999999999985,86,0,3.0,RU,1669705027
199,jala,21.0833,-104.4333,60.04400000000004,70,17,0.51,MX,1669705027
200,selma,36.5708,-119.6121,47.983999999999924,81,0,3.09,US,1669705028
201,marzuq,14.4,46.4667,73.32800000000003,25,1,2.81,YE,1669705028
202,bambous virieux,-20.3428,57.7575,81.21200000000005,69,75,7.72,MU,1669705029
203,san luis,-33.295,-66.3356,72.71599999999995,52,90,1.64,AR,1669705029
204,hami,42.8,93.45,15.907999999999959,15,0,1.73,CN,1669705029
205,antofagasta,-23.65,-70.4,63.68000000000001,86,32,0.48,CL,1669705030
206,matagami,49.7502,-77.6328,12.307999999999936,92,75,0.0,CA,1669705030
207,sangar,63.9242,127.4739,-34.49200000000002,99,98,1.37,RU,1669705031
208,najran,17.4924,44.1277,70.44800000000004,26,0,4.83,SA,1669704751
209,menongue,-14.6585,17.691,72.69800000000004,69,96,0.24,AO,1669705031
210,abonnema,4.7084,6.7931,79.69999999999999,77,21,0.76,NG,1669705032
211,margate,51.3813,1.3862,47.696000000000026,95,28,2.24,GB,1669705032
212,wewak,-3.5534,143.6268,81.68,79,100,0.68,PG,1669705033
213,beberibe,-4.1797,-38.1306,74.94800000000004,82,93,1.52,BR,1669705033
214,ghanzi,-21.5667,21.7833,77.82800000000003,49,4,6.18,BW,1669705034
215,grafton,42.207,-71.6856,33.512,87,4,1.67,US,1669705034
216,murmashi,68.8154,32.8115,32.41399999999999,100,75,3.0,RU,1669705035
217,pacific grove,36.6177,-121.9166,52.08800000000002,81,4,8.49,US,1669705017
218,koumac,-20.5667,164.2833,84.70400000000001,67,59,4.62,NC,1669705035
219,larsnes,62.2028,5.5773,48.79400000000004,61,100,2.03,NO,1669705036
220,launceston,-41.45,147.1667,65.83999999999997,39,75,6.69,AU,1669704871
221,bindura,-17.3019,31.3306,63.19400000000002,95,100,0.68,ZW,1669705036
222,chivilcoy,-34.8957,-60.0167,71.67199999999997,49,100,5.09,AR,1669705037
223,uribia,11.7139,-72.266,73.95799999999991,94,100,3.37,CO,1669705037
224,dunmore east,52.1514,-6.9861,44.69,74,75,1.23,IE,1669705038
225,xining,36.6167,101.7667,23.25200000000001,37,0,3.99,CN,1669705038
226,ketchikan,55.3422,-131.6461,29.80400000000003,75,100,1.99,US,1669705038
227,poso,-1.3959,120.7524,85.65799999999996,68,37,1.61,ID,1669705039
228,tazovskiy,67.4667,78.7,8.923999999999978,95,100,2.55,RU,1669705039
229,ordu,40.9086,37.6845,46.039999999999964,60,100,1.18,TR,1669705040
230,cabo san lucas,22.8909,-109.9124,70.52000000000004,70,3,0.89,MX,1669704931
231,westport,41.1415,-73.3579,40.81999999999999,76,4,1.34,US,1669705040
232,tual,-5.6667,132.75,80.20400000000001,82,100,6.24,ID,1669705041
233,sarangani,5.4033,125.4636,83.17399999999992,76,98,8.85,PH,1669705041
234,olga,43.7444,135.2892,28.95799999999997,66,100,7.77,RU,1669705042
235,biak,-0.9131,122.8766,83.74999999999994,69,82,0.89,ID,1669705043
236,wadi maliz,36.4681,8.5495,49.65799999999996,82,10,9.77,TN,1669705043
237,cockburn town,21.4612,-71.1419,79.77199999999999,74,9,4.56,TC,1669705044
238,nishihara,26.1842,127.7558,79.68199999999996,83,40,5.66,JP,1669705044
239,limon,10.0,-83.0333,73.05799999999994,87,100,1.48,CR,1669705045
240,east london,-33.0153,27.9116,74.33600000000007,64,0,7.2,ZA,1669705045
241,pryyutivka,48.7209,33.0708,35.960000000000036,65,100,5.51,UA,1669705045
242,qasigiannguit,68.8193,-51.1922,15.386000000000024,76,100,0.81,GL,1669705046
243,omaruru,-21.4333,15.9333,76.47800000000001,12,100,1.2,NA,1669705046
244,lahad datu,5.0268,118.327,83.82199999999995,80,72,2.08,MY,1669705047
245,forbes,-33.3833,148.0167,77.91800000000006,32,0,4.68,AU,1669705047
246,dickinson,29.4608,-95.0513,69.06200000000007,94,100,0.89,US,1669705048
247,nanortalik,60.1432,-45.2371,33.331999999999994,99,100,3.51,GL,1669705048
248,teterow,53.7833,12.5667,37.56200000000001,86,100,4.49,DE,1669705049
249,tiksi,71.6872,128.8694,-27.670000000000016,99,46,3.26,RU,1669705049
250,caravelas,-17.7125,-39.2481,73.34600000000006,93,100,3.44,BR,1669705049
251,tautira,-17.7333,-149.15,78.45799999999991,78,40,5.42,PF,1669705050
252,mount isa,-20.7333,139.5,92.96599999999995,12,100,8.75,AU,1669705050
253,morehead,37.2711,-87.1764,44.99599999999998,100,0,1.54,US,1669705051
254,hualmay,-11.0964,-77.6139,67.06400000000002,81,68,1.89,PE,1669705051
255,leshukonskoye,64.8989,45.7622,23.791999999999973,96,100,2.29,RU,1669705052
256,ossora,59.2353,163.0719,25.015999999999963,75,100,6.96,RU,1669705052
257,kayerkan,69.3497,87.7602,-7.671999999999969,98,95,2.78,RU,1669705052
258,dikson,73.5069,80.5464,-4.216000000000008,100,94,2.35,RU,1669705053
259,pisco,-13.7,-76.2167,68.05400000000003,77,40,1.54,PE,1669705053
260,avarua,-21.2078,-159.775,77.05400000000003,78,75,4.12,CK,1669705054
261,chokwe,-24.5333,32.9833,77.882,51,49,5.29,MZ,1669705054
262,vanavara,60.34,102.2797,0.7519999999999527,95,100,2.28,RU,1669705054
263,shaoyang,27.2315,111.4525,49.80200000000002,76,100,4.79,CN,1669705055
264,omsukchan,62.5333,155.8,-17.94999999999999,98,100,2.3,RU,1669705055
265,sorong,-0.8833,131.25,83.30000000000001,74,100,3.81,ID,1669705056
266,port hedland,-20.3167,118.5667,89.65400000000005,58,11,7.72,AU,1669705056
267,byron bay,-28.65,153.6167,75.93800000000005,74,48,5.06,AU,1669704999
268,penzance,50.1186,-5.5371,43.483999999999924,77,6,2.52,GB,1669705057
269,vanimo,-2.6741,141.3028,84.11000000000007,69,75,2.26,PG,1669705057
270,torbay,47.6666,-52.7314,37.76000000000005,94,75,15.43,CA,1669705058
271,waipawa,-41.4122,175.5153,58.712000000000046,71,50,6.92,NZ,1669705058
272,houma,29.5958,-90.7195,64.00399999999996,97,100,1.54,US,1669705059
273,zaqatala,41.6336,46.6433,48.66800000000006,87,100,2.06,AZ,1669705059
274,oktyabrskoye,43.0645,44.7417,32.144000000000005,100,100,5.0,RU,1669705059
275,tooele,40.5308,-112.2983,26.923999999999978,100,100,1.54,US,1669705060
276,bahia blanca,-38.7196,-62.2724,68.28799999999995,94,100,1.34,AR,1669704834
277,pineville,31.3224,-92.4343,55.29199999999997,71,75,3.6,US,1669705060
278,rawson,-43.3002,-65.1023,68.86399999999998,34,19,8.95,AR,1669705061
279,lorengau,-2.0226,147.2712,83.93,66,51,2.77,PG,1669705061
280,tasiilaq,65.6145,-37.6368,26.22199999999998,95,100,5.55,GL,1669705061
281,cuenca,-2.8833,-78.9833,51.926000000000045,76,43,1.03,EC,1669705062
282,saldanha,-33.0117,17.9442,60.853999999999985,80,49,7.13,ZA,1669705062
283,pasighat,28.0667,95.3333,80.00600000000003,30,1,1.71,IN,1669705063
284,shirokiy,49.758,129.523,-1.6959999999999695,94,100,7.06,RU,1669705063
285,lodja,-3.4833,23.4333,76.17199999999997,79,96,0.78,CD,1669705064
286,port macquarie,-31.4333,152.9167,69.88999999999993,59,11,6.68,AU,1669705064
287,norrtalje,59.758,18.705,40.01000000000005,81,100,3.4,SE,1669705064
288,avera,33.194,-82.5271,42.313999999999965,73,0,1.09,US,1669705065
289,kulhudhuffushi,6.6221,73.07,80.88799999999998,72,51,0.48,MV,1669705065
290,airai,-8.9266,125.4092,68.12600000000003,83,100,1.37,TL,1669705066
291,tiznit,29.5833,-9.5,55.72399999999999,40,0,0.9,MA,1669705067
292,diplo,24.4667,69.584,86.08999999999997,12,27,3.23,PK,1669705067
293,golden,39.7555,-105.2211,30.34400000000005,84,100,6.69,US,1669705067
294,plettenberg bay,-34.0527,23.3716,80.132,53,91,2.01,ZA,1669705068
295,wajima,37.4,136.9,65.084,94,75,4.63,JP,1669705068
296,natal,-5.795,-35.2094,77.21599999999995,78,20,1.54,BR,1669705069
297,kutum,14.2,24.6667,75.344,19,13,2.24,SD,1669705069
298,sisimiut,66.9395,-53.6735,18.841999999999928,70,100,2.97,GL,1669705069
299,severo-yeniseyskiy,60.3725,93.0408,-10.425999999999988,94,100,1.51,RU,1669705070
300,chokurdakh,70.6333,147.9167,-18.238,97,100,3.98,RU,1669705071
301,nezhinka,51.7676,55.3694,15.961999999999989,53,0,5.0,RU,1669705071
302,tuatapere,-46.1333,167.6833,55.02199999999999,95,100,0.75,NZ,1669705071
303,bacolod,10.6667,122.95,86.108,68,89,5.79,PH,1669705072
304,barrow,71.2906,-156.7887,-3.6219999999999573,83,67,4.86,US,1669705072
305,hameenlinna,60.996,24.4643,30.146000000000015,95,100,2.58,FI,1669705073
306,leningradskiy,69.3833,178.4167,13.136000000000024,87,100,3.09,RU,1669705073
307,la ronge,55.1001,-105.2842,16.05200000000002,79,100,9.26,CA,1669705073
308,flin flon,54.7682,-101.865,15.836000000000013,91,100,7.15,CA,1669705074
309,pampierstad,-27.7832,24.6877,77.91800000000006,44,0,6.99,ZA,1669705074
310,kikwit,-5.041,18.8162,72.35599999999994,94,100,0.56,CD,1669705075
311,nikolayevsk-na-amure,53.1406,140.73,11.426000000000045,95,100,2.5,RU,1669705075
312,yuksekova,37.5736,44.2872,41.66599999999994,47,100,0.67,TR,1669705075
313,kochevo,59.5994,54.3125,15.548000000000002,92,100,2.08,RU,1669705076
314,windhoek,-22.5594,17.0832,81.10399999999998,19,0,1.54,NA,1669705076
315,solnechnyy,50.7214,136.6319,7.376000000000033,92,100,2.64,RU,1669705077
316,vastseliina,57.7303,27.2932,29.26400000000001,96,100,2.76,EE,1669705077
317,kungsbacka,57.4872,12.0761,41.18000000000001,83,100,1.79,SE,1669705077
318,khotynets,53.1286,35.3966,23.881999999999948,87,100,4.76,RU,1669705078
319,haapiti,-17.5667,-149.8667,78.53000000000003,76,13,6.0,PF,1669705078
320,tungor,53.3808,142.9564,18.968000000000018,86,100,6.56,RU,1669705079
321,nantucket,41.2835,-70.0995,43.14199999999994,80,100,7.42,US,1669704926
322,kahului,20.8947,-156.47,76.83800000000002,93,100,2.68,US,1669705079
323,dunkirk,51.05,2.3667,33.799999999999955,82,5,1.93,FR,1669705080
324,baherden,38.4362,57.4316,57.02000000000004,61,1,1.83,TM,1669705080
325,shache,38.4167,77.2406,29.24599999999998,15,42,2.08,CN,1669705081
326,turan,16.0678,108.2208,85.98200000000003,70,20,4.63,VN,1669705081
327,yulara,-25.2406,130.9889,85.58600000000007,17,5,3.84,AU,1669705081
328,andapa,-14.65,49.65,83.786,43,0,1.48,MG,1669705082
329,keti bandar,24.1447,67.4497,83.80400000000003,19,40,4.34,PK,1669705082
330,kavaratti,10.5669,72.642,81.55400000000003,70,30,0.47,IN,1669705083
331,alice springs,-23.7,133.8833,83.74999999999994,20,0,6.17,AU,1669705083
332,carutapera,-1.195,-46.02,77.28799999999995,83,100,2.46,BR,1669705084
333,celestun,20.8667,-90.4,77.57600000000008,81,11,4.79,MX,1669705084
334,ouahigouya,13.5828,-2.4216,69.96200000000005,17,75,3.73,BF,1669705084
335,ahipara,-35.1667,173.1667,61.537999999999954,97,100,3.39,NZ,1669705085
336,namibe,-15.1961,12.1522,72.536,79,100,2.26,AO,1669705085
337,dhidhdhoo,6.8833,73.1,81.06800000000004,71,24,0.5,MV,1669705086
338,ilulissat,69.2167,-51.1,16.988,77,100,1.36,GL,1669705086
339,kloulklubed,7.0419,134.2556,84.03799999999995,77,100,9.3,PW,1669705086
340,dunedin,-45.8742,170.5036,57.79400000000004,84,100,0.45,NZ,1669705087
341,villa nueva,14.5269,-90.5875,65.12000000000006,94,100,3.09,GT,1669705088
342,baoqing,46.3317,132.2111,13.531999999999982,68,55,9.94,CN,1669705088
343,longyearbyen,78.2186,15.6401,37.238,87,75,4.63,SJ,1669705089
344,tuktoyaktuk,69.4541,-133.0374,-16.600000000000023,76,40,4.63,CA,1669705089
345,hamilton,39.1834,-84.5333,46.76000000000005,88,97,0.45,US,1669705089
346,hay river,60.8156,-115.7999,-11.218000000000018,70,100,7.2,CA,1669705090
347,bettendorf,41.5245,-90.5157,40.099999999999966,88,100,3.58,US,1669705090
348,grand gaube,-20.0064,57.6608,81.37399999999997,66,98,4.92,MU,1669705091
349,lundazi,-12.2929,33.1782,79.89799999999997,42,100,3.48,ZM,1669705091
350,dawei,14.0833,98.2,86.28799999999995,69,77,3.64,MM,1669705091
351,nagato,34.3833,131.2,63.391999999999996,94,100,7.82,JP,1669705092
352,tofield,53.3668,-112.6686,7.91599999999994,92,100,7.04,CA,1669705092
353,huangmei,30.1924,116.025,51.331999999999994,89,100,5.44,CN,1669705093
354,kuching,1.55,110.3333,90.01399999999995,86,40,4.12,MY,1669705093
355,sinop,41.7711,34.8709,49.603999999999985,66,100,3.48,TR,1669705094
356,yangambi,0.8102,24.4336,78.56599999999997,61,95,1.11,CD,1669705094
357,hervey bay,-25.2986,152.8535,74.37200000000001,82,100,2.43,AU,1669705094
358,franklin,39.9667,-83.0166,43.807999999999936,95,100,2.06,US,1669705095
359,rengo,-34.4167,-70.8667,59.882000000000005,85,0,0.51,CL,1669705095
360,narsaq,60.9167,-46.05,31.71199999999999,98,100,1.76,GL,1669705096
361,ushirombo,-3.4919,31.9639,74.22800000000001,68,85,0.73,TZ,1669705096
362,beloha,-25.1667,45.05,86.37799999999999,41,93,1.55,MG,1669705096
363,margara,40.0335,44.1771,42.90799999999996,48,100,0.56,AM,1669705097
364,coahuayana,18.7333,-103.6833,71.52800000000008,92,31,1.57,MX,1669705097
365,gizo,-8.103,156.8419,83.40799999999996,75,82,3.4,SB,1669705098
366,waycross,31.2136,-82.354,51.853999999999985,93,100,0.0,US,1669705098
367,mercedes,-34.6515,-59.4307,71.94199999999995,54,83,5.07,AR,1669705098
368,sola,-13.8833,167.55,82.79599999999999,73,39,5.36,VU,1669705099
369,kaduqli,11.0167,29.7167,87.76399999999995,24,55,4.26,SD,1669705099
370,rio gallegos,-51.6226,-69.2181,41.05400000000003,56,20,10.29,AR,1669705100
371,mackenzie,55.2999,-123.1698,7.015999999999963,51,0,2.57,CA,1669705100
372,musoma,-1.5,33.8,77.01800000000009,73,20,0.0,TZ,1669705101
373,padang,-0.9492,100.3543,82.45400000000001,75,100,2.34,ID,1669705101
374,tarancon,40.0085,-3.0073,37.039999999999964,78,29,0.58,ES,1669705101
375,sulangan,11.1373,123.7228,85.56800000000004,68,59,2.95,PH,1669705102
376,san quintin,30.4833,-115.95,56.462000000000046,79,0,4.02,MX,1669705102
377,mahajanga,-15.7167,46.3167,87.81800000000004,58,40,2.06,MG,1669705103
378,praxedis guerrero,31.3667,-106.0167,51.69199999999995,31,0,2.77,MX,1669705103
379,hattiesburg,31.3271,-89.2903,53.744000000000085,95,0,0.45,US,1669705104
380,yanam,16.7333,82.2167,83.62399999999997,42,12,2.89,IN,1669705104
381,san vicente,-26.6167,-54.1333,61.178000000000054,84,8,1.72,AR,1669705104
382,chateaubelair,13.2833,-61.25,76.60399999999998,81,29,6.11,VC,1669705105
383,maple creek,49.9168,-109.4848,8.653999999999996,78,100,6.69,CA,1669705105
384,maua,-23.6678,-46.4614,68.36000000000007,97,100,0.9,BR,1669705106
385,great falls,47.5002,-111.3008,7.663999999999987,77,100,3.39,US,1669705023
386,nemuro,43.3236,145.575,53.07800000000003,93,100,11.83,JP,1669705106
387,heidelberg,-26.5048,28.3592,65.94800000000004,60,28,2.32,ZA,1669705107
388,batemans bay,-35.7167,150.1833,67.09999999999997,57,100,3.42,AU,1669705083
389,iracoubo,5.4802,-53.2011,77.23399999999998,87,100,4.18,GF,1669705107
390,iskateley,67.6803,53.1512,17.276000000000067,96,100,3.24,RU,1669705108
391,baykit,61.67,96.37,-1.353999999999985,94,100,1.98,RU,1669705108
392,sobolevo,54.4299,31.8996,23.612000000000023,93,100,4.35,RU,1669705108
393,vryheid,-27.7695,30.7917,61.23200000000003,77,100,1.06,ZA,1669705109
394,avenal,36.0041,-120.129,44.960000000000036,66,0,2.94,US,1669705109
395,kafue,-15.7691,28.1814,73.04000000000002,70,35,2.64,ZM,1669705110
396,marsa matruh,31.3525,27.2453,59.198000000000036,77,40,2.57,EG,1669705110
397,ponta delgada,37.7333,-25.6667,67.49600000000004,94,75,10.29,PT,1669705110
398,kenora,49.8167,-94.4337,23.97199999999998,68,100,6.71,CA,1669705111
399,tevaitoa,-16.7833,-151.5,79.16000000000003,77,14,5.23,PF,1669705111
400,sao joao da barra,-21.6403,-41.0511,72.93199999999996,92,100,7.08,BR,1669705112
401,ritchie,-29.038,24.6028,72.608,37,6,7.63,ZA,1669705112
402,pocoes,-14.5297,-40.3653,64.97600000000006,99,99,1.33,BR,1669705112
403,mehamn,71.0357,27.8492,35.54599999999999,80,75,6.69,NO,1669705113
404,xai-xai,-25.0519,33.6442,75.36200000000002,59,91,5.46,MZ,1669705113
405,mushie,-3.0167,16.9,71.20400000000001,99,100,0.2,CD,1669705114
406,buraydah,26.326,43.975,66.64999999999992,21,100,7.29,SA,1669704992
407,winder,33.9926,-83.7202,47.372000000000014,87,0,0.0,US,1669705114
408,eureka,40.8021,-124.1637,40.676000000000045,84,14,3.28,US,1669705115
409,tabou,4.423,-7.3528,76.20799999999991,87,13,1.22,CI,1669705115
410,nouadhibou,20.931,-17.0347,64.382,36,0,7.2,MR,1669705115
411,oussouye,12.485,-16.5469,66.29000000000002,73,88,0.4,SN,1669705116
412,urumqi,43.801,87.6005,-3.0459999999999923,71,25,2.0,CN,1669705116
413,markova,48.6758,24.4138,27.48199999999997,90,34,1.4,UA,1669705117
414,male,4.1748,73.5089,85.94599999999997,70,20,2.06,MV,1669705117
415,takoradi,4.8845,-1.7554,78.04400000000004,83,1,2.02,GH,1669705117
416,lazaro cardenas,17.9583,-102.2,74.13799999999998,88,4,1.86,MX,1669705118
417,biltine,14.5333,20.9167,75.00200000000001,17,100,3.07,TD,1669705118
418,fort collins,40.5853,-105.0844,27.626000000000033,88,100,3.6,US,1669704911
419,port-cartier,50.0334,-66.8654,19.076000000000022,80,2,4.73,CA,1669705119
420,olavarria,-36.8927,-60.3225,62.420000000000016,77,2,2.67,AR,1669705119
421,miri,4.4148,114.0089,86.14400000000006,74,40,3.09,MY,1669705120
422,matara,5.9485,80.5353,83.13799999999998,71,100,0.96,LK,1669705120
423,uglegorsk,49.0833,142.0333,35.69,80,100,4.67,RU,1669705121
424,yanggu,36.1106,115.7753,32.91800000000006,19,100,7.61,CN,1669705121
425,altay,47.8667,88.1167,3.560000000000059,68,0,0.63,CN,1669705122
426,port blair,11.6667,92.75,86.036,74,40,2.06,IN,1669705122
427,taperoa,-7.2075,-36.8267,72.1760000000001,75,100,2.52,BR,1669705122
428,half moon bay,37.4636,-122.4286,51.313999999999965,81,40,8.23,US,1669705123
429,maldonado,-34.6667,-54.9167,69.18800000000005,92,45,4.52,UY,1669705123
430,san borja,-14.8167,-66.85,74.35399999999998,62,19,1.17,BO,1669705124
431,barcelona,41.3888,2.159,52.537999999999954,77,20,6.69,ES,1669705025
432,mayumba,-3.432,10.6554,76.04599999999999,87,100,4.87,GA,1669705124
433,sinnamary,5.3833,-52.95,76.74799999999999,88,100,4.24,GF,1669705125
434,taltal,-25.4,-70.4833,61.10599999999994,86,87,1.05,CL,1669705125
435,sao filipe,14.8961,-24.4956,74.35399999999998,60,0,3.91,CV,1669705126
436,tapes,-30.6733,-51.3958,68.28799999999995,84,12,5.52,BR,1669705126
437,harper,4.375,-7.7169,76.47800000000001,87,12,1.67,LR,1669705127
438,labuhan,-6.8844,112.2051,84.77600000000001,71,100,0.73,ID,1669705127
439,weymouth,42.2209,-70.9398,37.70599999999996,75,1,1.79,US,1669705127
440,salekhard,66.53,66.6019,10.47199999999998,96,98,1.27,RU,1669705128
441,naze,28.3667,129.4833,77.91800000000006,85,5,6.51,JP,1669705128
442,mamallapuram,12.6264,80.1722,86.05400000000003,60,17,5.9,IN,1669705129
443,iquitos,-3.7481,-73.2472,75.23600000000005,94,40,1.03,PE,1669705129
444,elk plain,47.0532,-122.3976,33.60200000000003,87,100,1.54,US,1669705130
445,moerai,-22.4333,-151.3333,74.35399999999998,79,6,7.42,PF,1669705130
446,irbeyskoye,55.6428,95.4522,4.099999999999966,85,100,5.77,RU,1669705130
447,misratah,32.3754,15.0925,62.97800000000001,72,27,6.44,LY,1669705131
448,komsomolskiy,40.4272,71.7189,47.120000000000005,81,100,4.12,UZ,1669705131
449,kamina,-8.7386,24.9906,64.43599999999998,98,100,0.73,CD,1669705132
450,traverse city,44.7631,-85.6206,37.597999999999956,79,100,4.55,US,1669705132
451,victor harbor,-35.5667,138.6167,62.00600000000003,72,53,0.89,AU,1669705133
452,katangli,51.7102,143.2326,26.22199999999998,95,100,10.45,RU,1669705133
453,grindavik,63.8424,-22.4338,39.66800000000006,81,75,8.23,IS,1669705134
454,emerald,-23.5333,148.1667,73.34600000000006,91,100,3.8,AU,1669705134
455,faanui,-16.4833,-151.75,79.43,75,4,5.43,PF,1669705134
456,hofn,64.2539,-15.2082,35.815999999999974,74,98,3.0,IS,1669705135
457,alice,27.7523,-98.0697,71.54599999999999,100,100,3.6,US,1669705135
458,thyolo,-16.0678,35.1405,69.81800000000004,76,100,2.33,MW,1669705135
459,akyab,20.15,92.9,84.56,65,94,3.15,MM,1669705136
460,khor,47.8861,134.9464,16.23199999999997,87,100,7.21,RU,1669705136
461,colares,38.7992,-9.4469,53.329999999999984,76,100,4.02,PT,1669705137
462,vidim,56.4088,103.1106,-1.8039999999999736,92,100,4.59,RU,1669705137
463,yovon,38.3141,69.0378,56.87600000000003,52,42,0.53,TJ,1669705138
464,santa maria,-29.6842,-53.8069,62.636000000000024,92,2,3.72,BR,1669705138
465,kavieng,-2.5744,150.7967,84.344,60,100,2.52,PG,1669705138
466,taitung,22.7583,121.1444,82.67000000000002,78,75,2.57,TW,1669705139
467,cuauhtemoc,28.4167,-106.8667,46.32800000000003,27,0,7.58,MX,1669705139
468,lagos,6.5833,3.75,75.52399999999994,86,100,0.99,NG,1669705140
469,roma,43.2128,-75.4557,33.69199999999995,95,75,0.13,US,1669705140
470,doha,25.2867,51.5333,82.382,57,0,4.12,QA,1669705037
471,torata,-17.0769,-70.8433,54.75200000000001,72,8,0.57,PE,1669705141
472,nantai,40.9241,122.8044,19.381999999999948,21,1,9.14,CN,1669705141
473,almaznyy,48.0448,40.045,29.137999999999977,43,54,8.2,RU,1669705141
474,bhadrachalam,17.6667,80.8833,82.92199999999997,38,11,1.05,IN,1669705142
475,port hardy,50.6996,-127.4199,30.379999999999995,86,100,2.06,CA,1669705142
476,tshikapa,-6.4167,20.8,73.68800000000005,86,100,0.18,CD,1669705143
477,priargunsk,50.3691,119.1012,-11.307999999999993,83,7,4.25,RU,1669705143
478,ocosingo,17.0667,-92.25,60.69199999999995,99,82,1.34,MX,1669705144
479,neustadt,49.7117,12.0872,37.14799999999997,95,100,0.0,DE,1669705144
480,okhotsk,59.3833,143.3,-0.22000000000002728,95,100,5.35,RU,1669705145
481,leirvik,59.7798,5.5005,48.63199999999995,66,100,5.77,NO,1669705145
482,uniao,-4.5858,-42.8642,70.62799999999999,98,100,1.46,BR,1669705145
483,muli,2.9167,73.5667,80.834,68,34,2.86,MV,1669705146
484,araguaina,-7.1911,-48.2072,72.64400000000006,95,100,1.46,BR,1669705146
485,blythe,33.6103,-114.5964,57.037999999999954,58,5,4.63,US,1669704995
486,ostrovnoy,68.0531,39.5131,31.603999999999985,87,100,2.84,RU,1669705147
487,whitehorse,60.7161,-135.0538,3.9739999999999895,70,100,3.09,CA,1669705083
488,puerto carreno,6.189,-67.4859,73.67000000000002,94,100,2.31,CO,1669705147
489,bom jesus,-9.0744,-44.3586,69.63799999999998,97,100,1.01,BR,1669705148
490,isselburg,51.8333,6.4667,46.54400000000004,97,95,2.5,DE,1669705148
491,dzhebariki-khaya,62.2167,135.8,-36.47199999999998,96,100,0.97,RU,1669705149
492,ayan,56.45,138.1667,-6.411999999999978,89,84,5.93,RU,1669705149
493,kudat,6.8837,116.8477,78.72800000000001,94,40,1.54,MY,1669705149
494,tashtyp,52.7939,89.8983,4.153999999999996,70,87,0.36,RU,1669705150
495,mosquera,4.7059,-74.2302,51.889999999999986,100,100,1.03,CO,1669705150
496,tadine,-21.55,167.8833,79.95200000000006,84,49,4.5,NC,1669705151
497,darhan,49.4867,105.9228,0.4819999999999709,58,100,3.28,MN,1669705151
498,husavik,66.0449,-17.3389,28.47199999999998,63,19,5.6,IS,1669705152
499,arandis,-22.4167,14.9667,63.66199999999998,46,100,0.92,NA,1669705152
500,katiola,8.1333,-5.1,70.43,80,10,1.21,CI,1669705152
501,coihaique,-45.5752,-72.0662,57.146000000000015,44,0,4.12,CL,1669705097
502,christchurch,-43.5333,172.6333,68.19800000000004,49,100,2.57,NZ,1669704970
503,kaputa,-8.4689,29.6619,68.97200000000004,87,100,1.77,ZM,1669705153
504,giaveno,45.047,7.3492,42.72800000000001,84,100,0.46,IT,1669705154
505,dufftown,57.4333,-3.1333,40.964,82,7,2.01,GB,1669705154
506,newcastle,-32.9272,151.7765,69.97999999999996,67,20,9.77,AU,1669705113
507,nohar,29.1833,74.7667,75.77600000000001,17,56,0.53,IN,1669705155
508,bara,10.3744,10.7288,70.79000000000002,26,100,2.76,NG,1669705155
509,sosua,19.7667,-70.5167,71.51000000000005,100,20,0.0,DO,1669705156
510,vestmannaeyjar,63.4427,-20.2734,42.853999999999985,78,100,11.09,IS,1669705156
511,ashland,40.8167,-82.2665,40.87399999999997,94,100,2.43,US,1669705139
512,kilimatinde,-5.85,34.95,80.79799999999994,44,15,3.53,TZ,1669705157
513,lubao,14.9167,120.55,92.91199999999998,59,33,5.09,PH,1669705157
514,bryan,30.6744,-96.37,64.92199999999997,97,100,3.6,US,1669705059
515,richards bay,-28.783,32.0377,74.22800000000001,60,2,2.35,ZA,1669705158
516,touros,-5.1989,-35.4608,75.43399999999991,82,90,2.9,BR,1669705158
517,oum hadjer,13.2954,19.6966,75.03799999999995,18,60,3.78,TD,1669705158
518,puerto colombia,10.9878,-74.9547,77.08999999999997,88,94,3.6,CO,1669705159
519,lopsmarka,67.3134,14.4493,40.89199999999994,64,0,8.23,NO,1669705159
520,kiama,-34.6833,150.8667,68.37799999999999,65,37,0.45,AU,1669705160
521,ende,-8.8432,121.6623,82.68800000000005,79,95,2.24,ID,1669705160
522,orapa,-21.2833,25.3667,73.95799999999991,56,0,6.65,BW,1669705161
523,sovetskiy,61.3614,63.5842,6.944000000000017,87,100,1.29,RU,1669705161
524,valreas,44.3837,4.9908,42.889999999999986,88,100,5.31,FR,1669705162
525,mazagao,-0.115,-51.2894,77.05400000000003,96,100,1.8,BR,1669705162
526,wenatchee,47.4235,-120.3103,25.46599999999995,73,75,0.0,US,1669705163
527,newport,51.5877,-2.9984,42.90799999999996,89,0,1.58,GB,1669705163
528,nizhnyaya omka,55.4338,74.9426,-0.45400000000000773,78,100,3.0,RU,1669705163
529,galesong,-5.3166,119.3661,87.81800000000004,70,99,4.1,ID,1669705164
530,serenje,-13.2325,30.2352,62.906000000000006,89,100,0.86,ZM,1669705164
531,manokwari,-0.8667,134.0833,79.52000000000004,86,100,5.33,ID,1669705165
532,chimbote,-9.0853,-78.5783,66.27199999999999,84,100,1.46,PE,1669705165
533,constitucion,-35.3333,-72.4167,54.103999999999985,82,0,1.75,CL,1669705166
534,saint-alexandre,44.2278,4.6214,44.06000000000006,87,99,2.97,FR,1669705166
535,betare oya,5.6,14.0833,75.32600000000008,37,53,1.22,CM,1669705166
536,cochrane,51.1834,-114.4687,6.637999999999977,73,100,8.23,CA,1669705167
537,coffs harbour,-30.3,153.1333,73.36399999999998,73,100,6.69,AU,1669705167
538,narsimhapur,22.95,79.2,77.39600000000002,30,0,2.35,IN,1669705168
539,jaciara,-15.9653,-54.9683,70.214,47,0,1.11,BR,1669705168
540,trairi,-3.2778,-39.2689,75.46999999999997,80,100,1.79,BR,1669704955
541,dombarovskiy,50.7587,59.5386,11.389999999999986,76,39,5.22,RU,1669705169
542,yerofey pavlovich,53.9667,121.9667,-11.415999999999997,76,64,2.31,RU,1669705169
543,coquimbo,-29.9533,-71.3436,60.53000000000003,88,100,2.57,CL,1669705169
544,mlonggo,-6.5333,110.7,84.57800000000003,71,100,2.11,ID,1669705170
545,kazanka,47.8462,32.8218,36.26599999999996,65,100,5.91,UA,1669705170
546,wellington,-41.2866,174.7756,63.06800000000004,81,75,10.29,NZ,1669705171
547,deputatskiy,69.3,139.9,-21.80200000000002,96,100,0.33,RU,1669705171
548,vostok,46.4856,135.8833,11.407999999999959,90,100,6.18,RU,1669705172
549,roald,62.5833,6.1333,49.11800000000005,53,75,1.54,NO,1669705172
550,le port,-20.9373,55.2919,82.39999999999992,68,100,1.1,RE,1669705173
551,tacuarembo,-31.7333,-55.9833,59.81,94,0,2.74,UY,1669705173
552,los llanos de aridane,28.6585,-17.9182,67.118,47,100,4.92,ES,1669705173
553,portland,45.5234,-122.6762,37.039999999999964,92,63,2.24,US,1669704925
554,sheridan,44.8333,-106.9173,18.01400000000001,67,100,4.63,US,1669705174
555,churapcha,62.0025,132.4325,-42.01600000000002,100,100,1.36,RU,1669705174
556,umm lajj,25.0213,37.2685,75.61399999999998,77,83,3.28,SA,1669705175
557,nuuk,64.1835,-51.7216,33.36800000000005,80,100,10.6,GL,1669705118
558,zhanaozen,43.3,52.8,40.063999999999965,67,100,3.76,KZ,1669705175
559,boca do acre,-8.7522,-67.3978,72.86000000000007,87,30,1.51,BR,1669705176
560,pishin,30.5803,66.9961,59.30599999999998,18,0,1.5,PK,1669705176
561,ceske budejovice,48.9745,14.4743,36.48199999999997,93,100,3.13,CZ,1669705177
562,olafsvik,64.8945,-23.7142,39.146000000000015,76,100,7.84,IS,1669705177
563,villarrobledo,39.2699,-2.6012,39.77600000000007,78,57,3.05,ES,1669705177
564,promyshlennyy,67.5833,63.9167,6.7999999999999545,96,100,3.2,RU,1669705178
565,suez,29.9737,32.5263,67.01000000000005,39,44,1.71,EG,1669705178
566,vila franca do campo,37.7167,-25.4333,67.19,92,52,7.81,PT,1669705178
567,zhigansk,66.7697,123.3711,-40.54000000000002,98,45,2.57,RU,1669705179
568,hambantota,6.1241,81.1185,86.34199999999993,74,20,3.09,LK,1669705179
569,geraldton,-28.7667,114.6,102.61399999999998,15,5,5.66,AU,1669705180
570,pauini,-7.7136,-66.9764,72.12200000000001,95,100,1.66,BR,1669705180
571,malanje,-9.5402,16.341,66.88399999999996,92,100,2.5,AO,1669705180
572,port-gentil,-0.7193,8.7815,78.76399999999995,94,75,1.54,GA,1669705181
573,prince rupert,54.3161,-130.3201,31.694000000000017,52,100,7.72,CA,1669705181
574,marsh harbour,26.5412,-77.0636,76.98200000000003,76,15,4.05,BS,1669705182
575,lamu,-2.2717,40.902,82.54400000000004,71,85,4.94,KE,1669705183
576,mahibadhoo,3.7833,72.9667,80.65400000000005,68,90,1.72,MV,1669705183
577,riyadh,24.6877,46.7219,71.74400000000009,29,100,3.62,SA,1669704890
578,dali,25.7,100.1833,65.51600000000002,32,0,3.65,CN,1669705183
579,tecoanapa,16.5167,-98.75,74.87600000000003,86,89,2.21,MX,1669705184
580,mujiayingzi,42.1167,118.7833,4.333999999999946,25,0,10.65,CN,1669705184
581,linares,-35.85,-71.6,54.73399999999998,82,0,1.96,CL,1669705106
582,yining,29.0361,114.5636,51.152000000000044,94,100,1.66,CN,1669705185
583,jacareacanga,-6.2222,-57.7528,71.85200000000003,99,100,0.91,BR,1669705185
584,gazojak,41.1875,61.4036,42.29599999999999,34,100,2.43,TM,1669705186
585,djibo,14.1022,-1.6306,70.30400000000003,16,21,3.63,BF,1669705186
586,ancud,-41.8697,-73.8203,54.06800000000004,96,27,2.99,CL,1669705187
587,bakchar,57.0186,82.0711,-2.0020000000000095,77,64,2.81,RU,1669705187
588,diego de almagro,-26.3667,-70.05,58.622000000000014,74,0,0.96,CL,1669705187
589,sabha,27.0377,14.4283,58.02800000000008,67,100,2.17,LY,1669705188
590,jerome,42.7241,-114.5186,25.68199999999996,90,100,8.75,US,1669705188
591,pierre,44.3683,-100.351,27.860000000000014,57,100,4.92,US,1669705189
592,oriximina,-1.7656,-55.8661,73.61599999999993,95,100,1.79,BR,1669705189
593,oyama,36.3,139.8,69.584,69,84,7.01,JP,1669705189
594,buritizeiro,-17.3511,-44.9622,68.25200000000001,94,45,0.91,BR,1669705190
595,watertown,42.3709,-71.1828,37.41800000000006,74,0,4.92,US,1669704976
